{"postTypes":["page"],"disableOpenGraph":true,"disableSeo":true,"elementAttsAsNeeded":true,"searchResultsQueryBricksData":true,"saveFormSubmissions":true,"enableQueryFilters":true,"customBreakpoints":true,"generateTemplateScreenshots":true,"templateScreenshotsAdminColumn":true,"publicTemplates":true,"remoteTemplates":[{"name":"Frames","url":"https:\/\/bricks.getframes.io","password":""}],"builderAutosaveDisabled":true,"builderMode":"dark","builderLocale":"en_US","builderToolbarLogoLink":"dashboard","builderToolbarLogoLinkNewTab":true,"disableElementSpacing":true,"structureDuplicateElement":true,"structureDeleteElement":true,"structureCollapsed":true,"structureAutoSync":true,"enableDynamicDataPreview":true,"builderDisableWpCustomFields":true,"builderDynamicDropdownKey":true,"builderDynamicDropdownNoLabel":true,"builderDynamicDropdownExpand":true,"builderGlobalClassesSync":true,"disableEmojis":true,"disableGoogleFonts":true,"disableJqueryMigrate":true,"disableClassChaining":true,"executeCodeEnabled":true}