{"id":269,"name":"login","title":"Login","date":"2024-01-21 19:18:08","date_formatted":"January 21, 2024","author":{"name":"gersondevsit","avatar":"https:\/\/secure.gravatar.com\/avatar\/1c577b3f939729981e74fcc332182309?s=60&d=mm&r=g","url":"https:\/\/listapage.dev"},"permalink":"https:\/\/listapage.dev\/template\/login\/","thumbnail":false,"bundles":[],"tags":[],"type":"section","content":[{"id":"yiuidn","name":"section","parent":0,"children":["aydlgz"],"settings":{"_cssGlobalClasses":["ghvjal"]}},{"id":"aydlgz","name":"container","parent":"yiuidn","children":["yphdin","txtccv"],"settings":{"_cssGlobalClasses":["znlevp"]},"label":"Login Card (CSS)"},{"id":"yphdin","name":"block","parent":"aydlgz","children":["ejwdbw","koqefi"],"settings":{"_cssGlobalClasses":["sytp9z"]},"label":"Block 1 (CSS)"},{"id":"txtccv","name":"block","parent":"aydlgz","children":["nsexzv","cmrdzk"],"settings":{"_cssGlobalClasses":["6tlf1l"]},"label":"Block 2"},{"id":"hnbvvb","name":"heading","parent":"nsexzv","children":[],"settings":{"_cssGlobalClasses":["ksmmgo"],"tag":"h1","_typography":{"font-size":"var(--h3)"},"text":"Login"},"label":"Heading"},{"id":"ejwdbw","name":"div","parent":"yphdin","children":["ffmzcm"],"settings":{"_cssGlobalClasses":["fnc8qf"]},"label":"Media Wrapper"},{"id":"ffmzcm","name":"image","parent":"ejwdbw","children":[],"settings":{"caption":"none","_cssGlobalClasses":["lus47i"],"image":{"id":185,"filename":"logoipsum-311.svg","size":"full","full":"https:\/\/listapage.dev\/wp-content\/uploads\/logoipsum-311.svg","url":"https:\/\/listapage.dev\/wp-content\/uploads\/logoipsum-311.svg"}},"label":"Media"},{"id":"waxyku","name":"form","parent":"nsexzv","children":[],"settings":{"fields":[{"type":"text","placeholder":"Username or Email","id":"55e7d1","label":"Username","required":true},{"type":"password","label":"Password","placeholder":"Password","required":true,"id":"e3d262"},{"type":"rememberme","label":"Remember","id":"ofarut","options":"Remember me"}],"successMessage":"You have succesfully logged in","emailSubject":"Contact form request","emailTo":"admin_email","fromName":"ListaPage Blueprint","emailErrorMessage":"Submission failed. Please reload the page and try to submit the form again.","htmlEmail":true,"mailchimpPendingMessage":"Please check your email to confirm your subscription.","mailchimpErrorMessage":"Sorry, but we could not subscribe you.","sendgridErrorMessage":"Sorry, but we could not subscribe you.","_cssGlobalClasses":["iqdbes"],"submitButtonText":"Login","submitButtonSize":"lg","actions":["login"],"loginName":"55e7d1","loginPassword":"e3d262","loginRemember":"ofarut","requiredAsterisk":true},"label":"Form","themeStyles":[]},{"id":"bhshyd","name":"text-link","parent":"cccopa","children":[],"settings":{"text":"Forgot password","_cssGlobalClasses":["8d97hk"],"icon":{"library":"svg","svg":{"id":206,"filename":"password.svg","url":"https:\/\/listapage.dev\/wp-content\/uploads\/password.svg"},"fill":{"raw":"var(--primary)"},"width":"25"},"link":{"type":"internal","postId":"166"}},"label":"Text Link","themeStyles":[]},{"id":"koqefi","name":"text-basic","parent":"yphdin","children":[],"settings":{"tag":"p","_cssGlobalClasses":["28ef6f"],"text":"This is just placeholder text. We will change this out later. It\u2019s just meant to fill space until your content is ready."},"label":"Text"},{"id":"nsexzv","name":"block","parent":"txtccv","children":["hnbvvb","waxyku","cccopa"],"settings":{"_cssGlobalClasses":["yvvimy"],"_conditions":[[{"id":"vjgxsk","key":"user_logged_in","compare":"==","value":"0"}]]},"label":"Form wrapper"},{"id":"cmrdzk","name":"block","parent":"txtccv","children":["edzred","ptxwsa"],"settings":{"_cssGlobalClasses":["yvvimy"],"_conditions":[[{"id":"vjgxsk","key":"user_logged_in","compare":"==","value":"1"}]]},"label":"Form wrapper"},{"id":"edzred","name":"heading","parent":"cmrdzk","children":[],"settings":{"text":"You are already logged in","_cssGlobalClasses":["ksmmgo"],"tag":"h1","_typography":{"font-size":"var(--h3)"}},"label":"Heading"},{"id":"lvzoim","name":"text-link","parent":"ptxwsa","children":[],"settings":{"text":"Back to home","_cssGlobalClasses":["8d97hk"],"icon":{"library":"svg","svg":{"id":209,"filename":"arrow-bend-up-left.svg","url":"https:\/\/listapage.dev\/wp-content\/uploads\/arrow-bend-up-left.svg"},"fill":{"raw":"var(--primary)"},"width":"25"},"link":{"type":"meta","useDynamicData":"{site_url}"}},"label":"Text Link","themeStyles":[]},{"id":"ptxwsa","name":"block","parent":"cmrdzk","children":["lvzoim","tbucdg"],"settings":{"_cssGlobalClasses":["wzwqpf"]},"label":"Links wrapper"},{"id":"tbucdg","name":"text-link","parent":"ptxwsa","children":[],"settings":{"text":"Log out","_cssGlobalClasses":["8d97hk"],"icon":{"library":"svg","svg":{"id":211,"filename":"sign-out.svg","url":"https:\/\/listapage.dev\/wp-content\/uploads\/sign-out.svg"},"fill":{"raw":"var(--primary)"},"width":"25"},"link":{"type":"meta","useDynamicData":"{site_logout}"}},"label":"Text Link","themeStyles":[]},{"id":"cccopa","name":"block","parent":"nsexzv","children":["bhshyd"],"settings":{"_cssGlobalClasses":["wzwqpf"]},"label":"Links wrapper"}],"templateType":"section","global_classes":[{"id":"ghvjal","name":"login-section","settings":{"_height":"100vh","_justifyContent":"center","_position":"relative","_isolation":"isolate","_overflow":"hidden","_background":{"color":{"raw":"var(--primary-ultra-light)"}},"_justifyContent:tablet_portrait":"flex-start"}},{"id":"znlevp","name":"login-card","settings":{"_display":"grid","_gridTemplateColumns":"var(--grid-2-3)","_border":{"radius":{"top":"var(--border-radius)","right":"var(--border-radius)","bottom":"var(--border-radius)","left":"var(--border-radius)"},"width":{"top":"var(--border-width)","right":"var(--border-width)","bottom":"var(--border-width)","left":"var(--border-width)"},"style":"solid","color":{"raw":"var(--white)"}},"_boxShadow":{"values":{"blur":"55","spread":"15"},"color":{"raw":"var(--primary-ultra-dark-trans-10)"}},"_width":"70em","_gridTemplateColumns:tablet_portrait":"var(--grid-1)","_cssCustom":".login-card {\n  --border-radius: var(--radius-xl);\n  --border-width: 3px;\n}"}},{"id":"sytp9z","name":"login-card__block-1","settings":{"_background":{"color":{"raw":"var(--primary-light)"}},"_padding":{"top":"calc(var(--content-gap) * 3)","right":"calc(var(--content-gap) * 3)","bottom":"calc(var(--content-gap) * 3)","left":"calc(var(--content-gap) * 3)"},"_cssCustom":".login-card__block-1 {\n  --pseudo-width: 100vw;\n  --pseudo-height: 100vh;\n  --pseudo-right: 0;\n  --pseudo-top: 50%;\n  --pseudo-translate: translateY(-50%);\n  --pseudo-position: absolute;\n}\n\n.login-card__block-1::before, .login-card__block-1::after {\n  position: var(--pseudo-position);\n  width: var(--pseudo-width);\n  height: var(--pseudo-height);\n  right: var(--pseudo-right);\n  top: var(--pseudo-top);\n  transform: var(--pseudo-translate);\n}\n\/* Overlay color *\/\n.login-card__block-1::before {\n  content: \"\";\n  background-color: var(--primary-trans-30); \/* Change color of image overlay *\/\n  z-index: -1;\n}\n\/* Image *\/\n.login-card__block-1::after {\n    content: \"\";\n    background-image: url('https:\/\/listapage.dev\/wp-content\/uploads\/rainbow.jpeg'); \/* Change background image url here *\/\n    opacity: 0.8; \/* Change background image opacity *\/\n    background-size: cover;\n    background-repeat: no-repeat;\n  \tbackground-position: 200px;\n  \tz-index: -2;\n}","_border":{"radius":{"top":"calc(var(--border-radius) - var(--border-width))","left":"calc(var(--border-radius) - var(--border-width))"}},"_rowGap":"var(--content-gap)","_border:tablet_portrait":{"radius":{"right":"calc(var(--border-radius) - var(--border-width))","left":"unset"}},"_position":"relative","_cssCustom:tablet_portrait":"@media (max-width: 991px) { \n  .login-card__block-1::before, .login-card__block-1::after {\n  display: none;\n}\n}\n","_padding:mobile_portrait":{"top":"calc(var(--content-gap) * 1.5)","right":"calc(var(--content-gap) * 1.5)","bottom":"calc(var(--content-gap) * 1.5)","left":"calc(var(--content-gap) * 1.5)"}}},{"id":"fnc8qf","name":"login-card__media-wrapper","settings":[]},{"id":"lus47i","name":"login-card__media","settings":[]},{"id":"ksmmgo","name":"login-card__heading","settings":[]},{"id":"6tlf1l","name":"login-card__block-2","settings":{"_background":{"color":{"raw":"var(--primary-ultra-light)"}},"_padding":{"top":"calc(var(--content-gap) * 3)","right":"calc(var(--content-gap) * 3)","bottom":"calc(var(--content-gap) * 3)","left":"calc(var(--content-gap) * 3)"},"_border":{"radius":{"right":"calc(var(--border-radius) - var(--border-width))","bottom":"calc(var(--border-radius) - var(--border-width))"}},"_rowGap":"var(--content-gap)","_border:tablet_portrait":{"radius":{"right":"unset","left":"calc(var(--border-radius) - var(--border-width))"}},"_padding:mobile_portrait":{"top":"calc(var(--content-gap) * 1.5)","right":"calc(var(--content-gap) * 1.5)","bottom":"calc(var(--content-gap) * 1.5)","left":"calc(var(--content-gap) * 1.5)"}}},{"id":"iqdbes","name":"login-card__form","settings":{"fieldMargin":{"bottom":"15"},"fieldPadding":{"top":"calc(var(--space-s) \/ 1.5)","right":"calc(var(--space-s) \/ 1.5)","bottom":"calc(var(--space-s) \/ 1.5)","left":"calc(var(--space-s) \/ 1.5)"},"fieldBorder":{"radius":{"top":"var(--radius-xs)","right":"var(--radius-xs)","bottom":"var(--radius-xs)","left":"var(--radius-xs)"},"width":{"top":"0","right":"0","bottom":"0","left":"0"}},"submitButtonBackgroundColor":{"raw":"var(--primary)"},"submitButtonBorder":{"radius":{"top":"var(--radius-xs)","right":"var(--radius-xs)","bottom":"var(--radius-xs)","left":"var(--radius-xs)"}},"submitButtonTypography":{"color":{"raw":"var(--white)"}},"placeholderTypography":{"color":{"id":"acss_import_neutral-medium","name":"neutral-medium","raw":"var(--neutral-medium)"}},"submitButtonBackgroundColor:hover":{"raw":"var(--primary-medium)"}}},{"id":"8d97hk","name":"login-card__text-link","settings":{"gap":"10"}},{"id":"28ef6f","name":"login-card__text","settings":[]},{"id":"yvvimy","name":"login-card__form-wrapper","settings":{"_rowGap":"var(--content-gap)"}},{"id":"wzwqpf","name":"login-card__links-wrapper","settings":{"_direction":"row","_columnGap":"var(--content-gap)"}}]}